"diocese","rite","lat","long","event","date"
"Baltimore, Maryland","Latin",39.2904,-76.6122,"erected","1789-04-06"
"New Orleans, Louisiana","Latin",29.9511,-90.0715,"erected","1793-04-25"
"Boston, Massachusetts","Latin",42.3584,-71.0598,"erected","1808-04-08"
"Louisville, Kentucky","Latin",38.2527,-85.7585,"erected","1808-04-08"
"New York, New York","Latin",40.7144,-74.006,"erected","1808-04-08"
"Philadelphia, Pennsylvania","Latin",39.9523,-75.1638,"erected","1808-04-08"
"Richmond, Virginia","Latin",37.5407,-77.436,"erected","1820-06-19"
"Charleston, South Carolina","Latin",32.7766,-79.9309,"erected","1820-07-11"
"Cincinnati, Ohio","Latin",39.1031,-84.512,"erected","1821-06-19"
"St. Louis, Missouri","Latin",38.627,-90.1994,"erected","1826-07-18"
"Mobile, Alabama","Latin",30.6944,-88.0431,"erected","1829-05-15"
"Birmingham, Alabama","Latin",33.5207,-86.8025,"erected","1969-06-28"
"Detroit, Michigan","Latin",42.3314,-83.0458,"erected","1833-03-08"
"Indianapolis, Indiana","Latin",39.7684,-86.1581,"erected","1834-04-12"
"Dubuque, Iowa","Latin",42.5006,-90.6646,"erected","1837-07-28"
"Nashville, Tennessee","Latin",36.1667,-86.7833,"erected","1837-07-28"
"Jackson, Mississippi","Latin",32.2988,-90.1848,"erected","1837-07-28"
"Los Angeles, California","Latin",34.0522,-118.244,"erected","1840-04-27"
"Pittsburgh","Latin",40.4406,-79.9959,"erected","1843-08-11"
"Hartford, Connecticut","Latin",41.7637,-72.6851,"erected","1843-09-18"
"Chicago, Illinois","Latin",41.8781,-87.6298,"erected","1843-11-28"
"Little Rock, Arkansas","Latin",34.7465,-92.2896,"erected","1843-11-28"
"Milwaukee, Wisconsin","Latin",43.0389,-87.9065,"erected","1843-11-28"
"Portland, Oregon","Latin",45.5235,-122.676,"erected","1846-07-24"
"Albany, New York","Latin",42.6526,-73.7562,"erected","1847-04-23"
"Buffalo, New York","Latin",42.8864,-78.8784,"erected","1847-04-23"
"Cleveland, Ohio","Latin",41.4995,-81.6954,"erected","1847-04-23"
"Galveston-Houston, Texas","Latin",29.7602,-95.3694,"erected","1847-04-23"
"Seattle, Washington","Latin",47.6062,-122.332,"erected","1850-05-31"
"Savannah, Georgia","Latin",32.0835,-81.0998,"erected","1850-07-03"
"St. Paul-Minneapolis, Minnesota","Latin",44.9375,-93.201,"erected","1850-07-19"
"Wheeling-Charleston, West Virginia","Latin",38.3451,-81.6331,"erected","1850-07-19"
"Erie, Pennsylvania","Latin",42.1292,-80.0851,"erected","1853-07-15"
"Alexandria, Louisiana","Latin",31.3113,-92.4451,"erected","1853-07-15"
"Brooklyn, New York","Latin",40.65,-73.95,"erected","1853-07-29"
"Burlington, Vermont","Latin",44.4759,-73.2121,"erected","1853-07-29"
"Covington, Kentucky","Latin",39.0837,-84.5086,"erected","1853-07-29"
"Newark, New Jersey","Latin",40.7357,-74.1724,"erected","1853-07-29"
"Portland, Maine","Latin",43.6615,-70.2553,"erected","1853-07-29"
"San Francisco, California","Latin",37.7749,-122.419,"erected","1853-07-29"
"Santa Fe, New Mexico","Latin",35.687,-105.938,"erected","1853-07-29"
"Springfield, Illinois","Latin",39.7817,-89.6501,"erected","1853-07-29"
"Marquette, Michigan","Latin",46.5476,-87.3956,"erected","1857-01-09"
"Fort Wayne-South Bend, Indiana","Latin",41.0541,-85.2202,"erected","1857-09-22"
"Sacramento, California","Latin",38.5816,-121.494,"erected","1868-02-03"
"La Crosse, Wisconsin","Latin",43.8014,-91.2396,"erected","1868-02-08"
"Columbus, Ohio","Latin",39.9612,-82.9988,"erected","1868-03-03"
"Green Bay, Wisconsin","Latin",44.5192,-88.0198,"erected","1868-03-03"
"Harrisburg, Pennsylvania","Latin",40.2737,-76.8844,"erected","1868-03-03"
"Rochester, New York","Latin",43.161,-77.6109,"erected","1868-03-03"
"Wilmington, Delaware","Latin",39.7458,-75.5467,"erected","1868-03-09"
"Scranton, Pennsylvania","Latin",41.409,-75.6624,"erected","1868-11-05"
"St. Augustine, Florida","Latin",29.8943,-81.3132,"erected","1870-03-11"
"Springfield, Massachusetts","Latin",42.1015,-72.5898,"erected","1870-06-14"
"Providence, Rhode Island","Latin",41.824,-71.4128,"erected","1872-01-31"
"Ogdensburg, New York","Latin",44.6942,-75.4863,"erected","1872-02-15"
"San Antonio, Texas","Latin",29.4241,-98.4936,"erected","1874-09-03"
"Peoria, Illinois","Latin",40.6936,-89.589,"erected","1875-02-12"
"Kansas City, Kansas","Latin",39.1141,-94.6275,"erected","1877-05-22"
"Kansas City-St. Joseph, Missouri","Latin",39.7579,-94.8365,"erected","1880-09-10"
"Davenport, Iowa","Latin",41.5236,-90.5776,"erected","1881-05-08"
"Trenton, New Jersey","Latin",40.2171,-74.7429,"erected","1881-07-15"
"Grand Rapids, Michigan","Latin",42.9634,-85.6681,"erected","1882-05-19"
"Helena, Montana","Latin",46.5958,-112.027,"erected","1884-03-07"
"Manchester, New Hampshire","Latin",42.9956,-71.4548,"erected","1884-04-15"
"Omaha, Nebraska","Latin",41.2524,-95.998,"erected","1885-10-02"
"Syracuse, New York","Latin",43.0481,-76.1474,"erected","1886-11-20"
"Belleville, Illinois","Latin",38.5201,-89.984,"erected","1887-01-07"
"Lincoln, Nebraska","Latin",40.8069,-96.6817,"erected","1887-08-02"
"Salina, Kansas","Latin",38.8403,-97.6114,"erected","1887-08-02"
"Wichita, Kansas","Latin",37.6889,-97.3361,"erected","1887-08-02"
"Denver, Colorado","Latin",39.7376,-104.985,"erected","1887-08-08"
"St. Cloud, Minnesota","Latin",45.5579,-94.1632,"erected","1889-09-22"
"Duluth, Minnesota","Latin",46.7867,-92.1005,"erected","1889-10-03"
"Fargo, North Dakota","Latin",46.8772,-96.7898,"erected","1889-11-12"
"Sioux Falls, South Dakota","Latin",43.55,-96.7003,"erected","1889-11-12"
"Winona, Minnesota","Latin",44.0479,-91.6404,"erected","1889-11-26"
"Dallas, Texas","Latin",32.7801,-96.8005,"erected","1890-07-15"
"Fort Worth, Texas","Latin",32.7254,-97.3208,"erected","1969-08-09"
"Salt Lake City, Utah","Latin",40.7608,-111.891,"erected","1891-01-27"
"Boise City, Idaho","Latin",43.6187,-116.215,"erected","1893-08-25"
"Tucson, Arizona","Latin",32.2217,-110.926,"erected","1897-05-08"
"Altoona-Johnstown, Pennsylvania","Latin",40.3557,-78.5163,"erected","1901-05-30"
"Sioux City, Iowa","Latin",42.5,-96.4003,"erected","1902-01-15"
"Rapid City, South Dakota","Latin",44.0805,-103.231,"erected","1902-08-04"
"Baker, Oregon","Latin",44.7749,-117.834,"erected","1903-06-19"
"Fall River, Massachusetts","Latin",41.7015,-71.155,"erected","1904-03-12"
"Great Falls-Billings, Montana","Latin",46.6291,-109.766,"erected","1904-05-18"
"Superior, Wisconsin","Latin",46.7208,-92.1041,"erected","1905-05-03"
"Oklahoma City, Oklahoma","Latin",35.4676,-97.5164,"erected","1905-08-23"
"Tulsa, Oklahoma","Latin",36.154,-95.9928,"erected","1972-12-13"
"Rockford, Illinois","Latin",42.2711,-89.094,"erected","1908-09-27"
"Bismarck, North Dakota","Latin",46.8083,-100.784,"erected","1909-12-31"
"Crookston, Minnesota","Latin",47.7746,-96.6094,"erected","1909-12-31"
"Toledo, Ohio","Latin",41.6639,-83.5552,"erected","1910-04-15"
"Des Moines, Iowa","Latin",41.6005,-93.6091,"erected","1911-08-12"
"Grand Island, Nebraska","Latin",40.9264,-98.342,"erected","1912-03-08"
"Corpus Christi, Texas","Latin",27.8006,-97.3964,"erected","1912-03-23"
"Spokane, Washington","Latin",47.6588,-117.426,"erected","1913-12-17"
"El Paso, Texas","Latin",31.7587,-106.487,"erected","1914-03-03"
"Lafayette, Louisiana","Latin",30.2241,-92.0198,"erected","1918-01-11"
"Monterey, California","Latin",36.6002,-121.895,"erected","1840-04-27"
"Fresno, California","Latin",36.7468,-119.773,"erected","1967-10-06"
"Raleigh, North Carolina","Latin",35.7796,-78.6382,"erected","1924-12-12"
"Amarillo, Texas","Latin",35.222,-101.831,"erected","1926-08-03"
"Reno, Nevada","Latin",39.5296,-119.814,"erected","1931-03-27"
"San Diego, California","Latin",32.7153,-117.157,"erected","1936-07-01"
"Lansing, Michigan","Latin",42.7325,-84.5555,"erected","1937-05-22"
"Camden, New Jersey","Latin",39.9259,-75.1196,"erected","1937-12-09"
"Owensboro, Kentucky","Latin",37.7719,-87.1112,"erected","1937-12-09"
"Paterson, New Jersey","Latin",40.9168,-74.1718,"erected","1937-12-09"
"Saginaw, Michigan","Latin",43.4195,-83.9508,"erected","1938-02-26"
"Washington, District of Columbia","Latin",38.9072,-77.0365,"erected","1939-07-22"
"Gallup, New Mexico","Latin",35.5281,-108.743,"erected","1939-12-16"
"Honolulu, Hawaii","Latin",21.3069,-157.858,"erected","1941-09-10"
"Pueblo, Colorado","Latin",38.2544,-104.609,"erected","1941-11-15"
"Youngstown, Ohio","Latin",41.0998,-80.6495,"erected","1943-05-15"
"Evansville, Indiana","Latin",37.9716,-87.5711,"erected","1944-10-21"
"Lafayette, Indiana","Latin",40.4167,-86.8753,"erected","1944-10-21"
"Steubenville, Ohio","Latin",40.3698,-80.634,"erected","1944-10-21"
"Madison, Wisconsin","Latin",43.0731,-89.4012,"erected","1946-03-12"
"Austin, Texas","Latin",30.2672,-97.7431,"erected","1947-11-15"
"Joliet, Illinois","Latin",41.525,-88.0817,"erected","1948-12-11"
"Worcester, Massachusetts","Latin",42.2626,-71.8023,"erected","1950-01-14"
"Greensburg, Pennsylvania","Latin",40.3015,-79.5389,"erected","1951-03-10"
"Dodge City, Kansas","Latin",37.7528,-100.017,"erected","1951-03-19"
"Juneau, Alaska","Latin",58.3019,-134.42,"erected","1951-06-23"
"Yakima, Washington","Latin",46.6021,-120.506,"erected","1951-06-23"
"Bridgeport, Connecticut","Latin",41.1865,-73.1952,"erected","1953-08-06"
"Norwich, Connecticut","Latin",41.5243,-72.0759,"erected","1953-08-06"
"Atlanta, Georgia","Latin",33.749,-84.388,"erected","1956-07-02"
"Jefferson City, Missouri","Latin",38.5767,-92.1735,"erected","1956-07-02"
"Springfield-Cape Girardeau, Missouri","Latin",37.3059,-89.5181,"erected","1956-07-02"
"Gary, Indiana","Latin",41.5934,-87.3464,"erected","1957-02-25"
"Rockville Centre, New York","Latin",40.6587,-73.6412,"erected","1957-04-06"
"New Ulm, Minnesota","Latin",44.3144,-94.4593,"erected","1958-01-03"
"Miami, Florida","Latin",25.789,-80.2264,"erected","1958-08-13"
"Allentown, Pennsylvania","Latin",40.6084,-75.4902,"erected","1961-01-28"
"Baton Rouge, Louisiana","Latin",30.4583,-91.1403,"erected","1961-07-20"
"San Angelo, Texas","Latin",31.4638,-100.437,"erected","1961-10-16"
"Oakland, California","Latin",37.8044,-122.271,"erected","1962-02-21"
"Santa Rosa, California","Latin",38.4405,-122.714,"erected","1962-02-21"
"Stockton, California","Latin",37.9577,-121.291,"erected","1962-02-21"
"Fairbanks, Alaska","Latin",64.8378,-147.716,"erected","1962-08-08"
"Philadelphia, Pennsylvania","Byzantine",39.9523,-75.1638,"erected","1924-05-08"
"Stamford, Connecticut","Byzantine",41.0534,-73.5387,"erected","1958-07-10"
"Chicago, Illinois","Byzantine",41.8781,-87.6298,"erected","1961-08-14"
"Pittsburgh, Pennsylvania","Byzantine",40.4406,-79.9959,"erected","1963-07-06"
"Passaic, New Jersey","Byzantine",40.8568,-74.1285,"erected","1963-07-06"
"San Juan, Puerto Rico","Latin",18.4663,-66.1057,"erected","1511-08-11"
"Ponce, Puerto Rico","Latin",18.0111,-66.6141,"erected","1924-11-21"
"Arecibo, Puerto Rico","Latin",18.4724,-66.7157,"erected","1960-07-30"
"Anchorage, Alaska","Latin",61.2181,-149.9,"erected","1966-01-22"
"Arlington, Virginia","Latin",38.88,-77.1068,"erected","1974-05-28"
"Beaumont, Texas","Latin",30.0802,-94.1266,"erected","1966-06-25"
"Biloxi, Mississippi","Latin",30.396,-88.8853,"erected","1977-03-01"
"Brownsville, Texas","Latin",25.9017,-97.4975,"erected","1965-07-10"
"Charlotte, North Carolina","Latin",35.2271,-80.8431,"erected","1971-11-12"
"Cheyenne, Wyoming","Latin",41.14,-104.82,"erected","1887-08-02"
"Colorado Springs, Colorado","Latin",38.8339,-104.821,"erected","2083-10-19"
"Gaylord, Michigan","Latin",45.0275,-84.6748,"erected","1970-12-19"
"Phoenix, Arizona","Byzantine",33.4484,-112.074,"erected","1981-12-03"
"Houma-Thibodaux, Louisiana","Latin",29.5889,-90.7188,"erected","1977-03-02"
"Kalamazoo, Michigan","Latin",42.2917,-85.5872,"erected","1970-12-19"
"Knoxville, Tennessee","Latin",35.9606,-83.9207,"erected","1988-05-27"
"Lake Charles, Louisiana","Latin",30.2266,-93.2174,"erected","1980-01-29"
"Laredo, Texas","Latin",27.5064,-99.5075,"erected","2000-07-03"
"Las Cruces","Latin",32.3199,-106.764,"erected","1982-08-17"
"Las Vegas, Nevada","Latin",36.1146,-115.173,"erected","1995-03-21"
"Lexington, Kentucky","Latin",38.0406,-84.5037,"erected","1988-01-14"
"Lubbock, Texas","Latin",33.5779,-101.855,"erected","1983-03-25"
"Memphis, Tennessee","Latin",35.1495,-90.049,"erected","1970-06-20"
"Metuchen, New Jersey","Latin",40.5432,-74.3632,"erected","1981-11-19"
"Newton, Massachusetts","Byzantine",42.337,-71.2092,"erected","1976-06-28"
"Orange, California","Latin",33.7878,-117.853,"erected","1976-03-24"
"Newark, New Jersey","Antiochian",40.7357,-74.1724,"erected","1995-11-06"
"Los Angeles","Antiochian",34.0522,-118.244,"erected","1994-02-19"
"New York, New York","Armenian",40.7144,-74.006,"erected","2005-09-12"
"Palm Beach, Florida","Latin",26.7056,-80.0364,"erected","1984-06-16"
"Parma, Ohio","Byzantine",41.4048,-81.7229,"erected","1969-02-21"
"Pensacola, Tallahassee","Latin",30.4388,-84.2783,"erected","1975-10-01"
"Phoenix, Arizona","Latin",33.4484,-112.074,"erected","1969-06-28"
"Canton, Ohio","Byzantine",40.7989,-81.3784,"erected","1987-03-26"
"Parma, Ohio","Byzantine",41.4048,-81.7229,"erected","1983-12-05"
"Brooklyn, New York","Antiochian",40.65,-73.95,"erected","1966-01-10"
"St. Petersburg, Florida","Latin",27.7731,-82.64,"erected","1968-03-02"
"San Diego, California","Chaldean",32.7153,-117.157,"erected","2002-05-21"
"Virgin Islands","Latin",18.3358,-64.8963,"erected","1977-04-20"
"Chicago, Illinois","Chaldean",41.8781,-87.6298,"erected","2001-03-13"
"Detroit, Michigan","Chaldean",42.3314,-83.0458,"erected","1985-08-03"
"San Bernardino, California","Latin",34.1083,-117.29,"erected","1978-07-14"
"San Jose, California","Latin",37.3394,-121.895,"erected","1981-01-27"
"Shreveport, Louisiana","Latin",32.5252,-93.7502,"erected","1986-06-16"
"Tyler, Texas","Latin",32.3513,-95.3011,"erected","1986-12-12"
"Venice, Florida","Latin",27.0998,-82.4543,"erected","1984-06-16"
"Victoria, Texas","Latin",28.8053,-97.0036,"erected","1982-04-13"
"Alexandria-Cornwall, Ontario","Latin",45.0187,-74.7123,"erected","1890-01-21"
"Amos, Quebec","Latin",48.565,-78.1125,"erected","1938-12-03"
"Antigonish, Nova Scotia","Latin",45.6227,-61.9928,"erected","1886-08-23"
"Baie-Comeau, Quebec","Latin",49.2213,-68.1504,"erected","1986-07-14"
"Bathurst, New Brunswick","Latin",47.6184,-65.6513,"erected","1860-05-08"
"Calgary, Alberta","Latin",51.0453,-114.058,"erected","1912-11-30"
"Charlottetown, Prince Edward Island","",46.2382,-63.1311,"erected","1829-08-11"
"Chicoutimi, Quebec","Latin",48.4222,-71.0619,"erected","1878-05-28"
"Churchill-Baie d'Hudson, Manitoba","Latin",53.7609,-98.8139,"erected","1968-01-29"
"Corner Brook and Labrador, Newfoundland","Latin",48.9432,-57.9394,"erected","1904-02-18"
"Edmonton, Alberta","Latin",53.5444,-113.491,"erected","1871-09-22"
"Edmonton, Alberta","Byzantine",53.5444,-113.491,"erected","1948-01-19"
"Edmundston, New Brunswick","Latin",47.369,-68.3267,"erected","1944-12-16"
"Gaspe, Quebec","Latin",48.8316,-64.4869,"erected","1922-05-05"
"Gatineau, Quebec","Latin",45.4765,-75.7013,"erected","1963-04-27"
"Grand Falls, Newfoundland","Latin",48.929,-55.6505,"erected","1856-02-29"
"Grouard-McLennan, Alberta","Latin",55.7109,-116.907,"erected","1967-07-13"
"Halifax-Yarmouth, Nova Scotia","Latin",44.0472,-64.7224,"erected","1842-02-15"
"Hamilton, Ontario","Latin",43.25,-79.8661,"erected","1856-02-29"
"Hearst, Ontario","Latin",49.688,-83.667,"erected","1938-12-03"
"Joliette, Quebec","Latin",46.0232,-73.4392,"erected","1904-01-27"
"Kamloops, British Columbia","Latin",50.6745,-120.327,"erected","1945-12-22"
"Keewatin-Le Pas, Manitoba","Latin",53.8183,-101.241,"erected","1967-07-13"
"Kingston, Ontario","Latin",44.2312,-76.486,"erected","1826-01-27"
"London, Ontario","Latin",42.987,-81.2432,"erected","1855-02-21"
"Mackenzie-Fort Smith, Northwest Territory","Latin",60.0055,-111.885,"erected","1967-07-13"
"Mar Addai of Toronto","Chaldean",43.6532,-79.3832,"erected","2011-06-10"
"Moncton, New Brunswick","Latin",46.0878,-64.7782,"erected","1936-02-22"
"Mont-Laurier, Quebec","Latin",46.5527,-75.4974,"erected","1913-04-21"
"Montreal, Quebec","Latin",45.5087,-73.554,"erected","1836-05-13"
"Moosonee, Ontario","Latin",51.2731,-80.64,"erected","1967-07-13"
"Nelson, British Columbia","Latin",49.4928,-117.295,"erected","1936-02-22"
"New Westminster, British Columbia","Byzantine",49.2057,-122.911,"erected","1974-06-27"
"Nicolet, Quebec","Latin",46.2274,-72.6192,"erected","1885-07-10"
"Ottawa, Ontario","Latin",45.4215,-75.6972,"erected","1847-06-25"
"Pembroke, Ontario","Latin",45.8267,-77.1109,"erected","1898-05-04"
"Peterborough, Ontario","Latin",44.3091,-78.3197,"erected","1882-07-11"
"Prince-Albert, Saskatchewan","Latin",53.2033,-105.753,"erected","1907-12-02"
"Prince George, British Columbia","Latin",53.9171,-122.75,"erected","1967-07-13"
"Quebec, Quebec","Latin",46.8033,-71.2428,"erected","1674-10-01"
"Regina, Saskatchewan","Latin",50.4547,-104.607,"erected","1910-03-04"
"Rimouski, Quebec","Latin",48.4333,-68.5167,"erected","1867-01-15"
"Rouyn-Noranda, Quebec","Latin",48.2342,-79.0188,"erected","1973-11-29"
"Saint-Boniface, Manitoba","Latin",49.8626,-97.0601,"erected","1847-06-04"
"Saint Catharines, Ontario","Latin",43.1594,-79.2469,"erected","1958-11-22"
"Sainte-Anne-de-la-Pocatiere, Quebec","Latin",47.3286,-70.0405,"erected","1951-06-23"
"Saint-Hyacinthe, Quebec","Latin",45.6307,-72.9563,"erected","1852-06-08"
"Saint-Jean-Longueuil, Quebec","Latin",45.5345,-73.5049,"erected","1933-06-09"
"Saint-Jerome, Quebec","Latin",45.7754,-74.0049,"erected","1951-06-23"
"Saint John, New Brunswick","Latin",45.2733,-66.0633,"erected","1842-09-30"
"Saint John's, Newfoundland","Latin",47.5605,-52.7128,"erected","1847-06-04"
"Saint-Maron de Montreal","Antiochian",45.56,-73.6668,"erected","1982-08-27"
"Saint Paul in Alberta","Latin",53.9911,-111.295,"erected","1948-07-17"
"Saint-Sauveur de Montreal","Byzantine",45.5348,-73.6719,"erected","1984-09-01"
"Toronto, Ontario","Byzantine",43.6532,-79.3832,"erected","1980-10-13"
"Gravelbourg, Saskatchewan","Latin",49.8757,-106.557,"erected","1930-01-31"
"Saskatoon, Saskatchewan","Latin",52.1344,-106.648,"erected","1933-06-09"
"Saskatoon, Sasketchewan","Byzantine",52.1344,-106.648,"erected","1956-11-03"
"Sault Sainte Marie, Ontario","Latin",46.4953,-84.3453,"erected","1904-09-16"
"Sherbrooke, Quebec","Latin",45.401,-71.8824,"erected","1874-08-28"
"Thunder Bay, Ontario","Latin",48.3809,-89.2477,"erected","1952-04-29"
"Timmins, Ontario","Latin",48.4758,-81.3305,"erected","1915-12-31"
"Toronto, Ontario","Latin",43.6532,-79.3832,"erected","1841-12-17"
"Toronto, Ontario","Byzantine",43.6532,-79.3832,"erected","1956-11-03"
"Trois Rivieres, Quebec","Latin",46.3432,-72.5433,"erected","1852-06-08"
"Valleyfield, Quebec","Latin",45.2501,-74.1331,"erected","1892-04-05"
"Vancouver, British Columbia","Latin",49.2612,-123.114,"erected","1890-09-02"
"Victoria, British Columbia","Latin",48.4284,-123.366,"erected","1846-07-24"
"Whitehorse, Yukon","Latin",60.7212,-135.057,"erected","1967-07-13"
"Winnipeg, Manitoba","Latin",49.8998,-97.1375,"erected","1915-12-04"
"Winnipeg, Manitoba","Byzantine",49.8998,-97.1375,"erected","1956-11-03"
"Acapulco, Guerrero","Latin",16.8638,-99.8816,"erected","1958-03-18"
"Aguascalientes, Aguascalientes","Latin",21.8785,-102.291,"erected","1899-08-27"
"Antequera, Oaxaca","Latin",17.0692,-96.7158,"erected","1535-06-21"
"Apatzingan, Michoacan","Latin",19.0833,-102.35,"erected","1962-04-30"
"Atlacomulco, Mexico","Latin",19.3977,-99.0385,"erected","1984-11-03"
"Autlan, Jalisco","Latin",19.7708,-104.367,"erected","1961-01-28"
"Campeche, Campeche","Latin",19.8301,-90.5349,"erected","1895-03-24"
"Chihuahua, Chihuahua","Latin",28.6306,-106.074,"erected","1891-06-23"
"Chilpancingo-Chilapa, Guerrero","Latin",17.5818,-99.3896,"erected","1863-03-16"
"Ciudad Altamirano, Guerrero","Latin",18.3583,-100.667,"erected","1964-10-27"
"Ciudad Guzman, Jalisco","Latin",19.705,-103.469,"erected","1972-03-25"
"Ciudad Juarez, Chihuahua","Latin",31.7388,-106.483,"erected","1957-04-10"
"Ciudad Lazaro Cardenas, Michoacan","Latin",17.9694,-102.213,"erected","1985-10-11"
"Ciudad Obregon, Sonora","Latin",27.4939,-109.939,"erected","1959-06-20"
"Ciudad Valles, San Luis Potosi","Latin",21.9884,-99.0044,"erected","1960-11-27"
"Ciudad Victoria, Tamaulipas","Latin",23.7369,-99.1411,"erected","1964-12-21"
"Tampico, Tamaulipas","Latin",22.2945,-97.8534,"erected","1870-03-12"
"Coatzacoalcos, Veracruz","Latin",18.1248,-94.4601,"erected","1984-03-14"
"Colima, Colima","Latin",19.2452,-103.733,"erected","1881-12-11"
"Cordoba, Veracruz","Latin",18.8839,-96.9238,"erected","2000-04-15"
"Cuauhtemoc-Madera, Chihuahua","Latin",28.6119,-106.061,"erected","1995-11-17"
"Cuautitlan, Mexico","Latin",19.6722,-99.181,"erected","1979-02-05"
"Cuernavaca, Morelos","Latin",18.9186,-99.2342,"erected","1891-06-23"
"Culiacan, Sinaloa","Latin",24.8048,-107.385,"erected","1959-02-16"
"Durango, Durango","Latin",24.0277,-104.653,"erected","1620-09-28"
"Ecatepec, Mexico","Latin",19.6018,-99.0507,"erected","1995-06-28"
"Ensenada, Baja California Norte","Latin",31.8596,-116.606,"erected","2007-01-26"
"Gomez Palacio, Durango","Latin",25.5681,-103.492,"erected","2008-11-25"
"Guadalajara, Jalisco","Latin",20.6736,-103.344,"erected","1548-07-13"
"Hermosillo, Sonora","Latin",29.0737,-110.963,"erected","1779-05-07"
"Huajuapan de Leon, Oaxaca","Latin",17.8047,-97.7808,"erected","1902-04-25"
"Huautla, Oaxaca","Latin",18.1308,-96.8437,"erected","1972-10-08"
"Huejutla, Hidalgo","Latin",21.1392,-98.4189,"erected","1922-11-24"
"Irapuato, Guanajuato","Latin",20.6787,-101.354,"erected","2004-01-03"
"Jalapa, Veracruz","Latin",19.5438,-96.9102,"erected","1863-03-19"
"La Paz en la Baja California Sur","Latin",24.1426,-110.313,"erected","1988-03-21"
"Leon, Guanajuato","Latin",21.135,-101.661,"erected","1863-01-26"
"Linares, Nuevo Leon","Latin",24.8597,-99.5667,"erected","1962-04-30"
"Matamoros, Tamaulipas","Latin",25.869,-97.5027,"erected","1958-02-16"
"Matehuala, San Luis Potosi","Latin",23.6448,-100.643,"erected","1997-05-28"
"Mazatlan, Sinaloa","Latin",23.2494,-106.411,"erected","1958-11-22"
"Mexicali, Baja California Norte","Latin",32.6245,-115.452,"erected","1966-03-25"
"Mexico, Federal District","Latin",19.2465,-99.1013,"erected","1530-09-02"
"Monterrey, Nuevo Leon","Latin",25.6732,-100.309,"erected","1777-12-15"
"Morelia, Michoacan","Latin",19.706,-101.195,"erected","1536-08-11"
"Netzahualcoyotl, Mexico","Latin",19.4038,-99.0248,"erected","1979-02-05"
"Eparchy of Nuestra Senora de los Martires del Libano en Mexico","Antiochian",23.6345,-102.553,"erected","1995-11-06"
"Eparchy of Nuestra Senora del Paraiso en Mexico","Byzantine",23.6345,-102.553,"erected","1988-02-27"
"Nuevo Casas Grandes, Chihuahua","Latin",30.4199,-107.9,"erected","2000-06-03"
"Nuevo Laredo, Tamaulipas","Latin",27.467,-99.5562,"erected","1989-11-06"
"Orizaba, Veracruz","Latin",18.85,-97.1,"erected","2000-04-15"
"Papantla, Puebla","Latin",19.038,-98.1291,"erected","1922-11-24"
"Parral, Chihuahua","Latin",27.2357,-105.236,"erected","1992-05-11"
"Piedras Negras, Coahuila","Latin",28.7,-100.523,"erected","2003-01-08"
"Puebla de los Angeles, Puebla","Latin",19.0413,-98.2062,"erected","1525-10-13"
"Puerto Escondido, Oaxaca","Latin",15.8655,-97.0694,"erected","2003-11-08"
"Queretaro, Queretaro","Latin",20.5888,-100.39,"erected","1863-01-26"
"Saltillo, Coahuila","Latin",25.4267,-100.995,"erected","1891-06-23"
"San Andres Tuxtla, Veracruz","Latin",18.4466,-95.2175,"erected","1959-05-23"
"San Cristobal de Las Casas, Chiapas","Latin",16.737,-92.6376,"erected","1539-03-19"
"San Juan de los Lagos, Jalisco","Latin",21.2491,-102.332,"erected","1972-03-25"
"San Luis Potosi, San Luis Potosi","Latin",22.1565,-100.986,"erected","1854-08-31"
"Tabasco, Tabasco","Latin",21.8648,-102.913,"erected","1880-05-25"
"Tacambaro, Michoacan","Latin",19.2356,-101.457,"erected","1913-07-26"
"Tapachula, Chiapas","Latin",14.9112,-92.2609,"erected","1957-06-19"
"Tarahumara, Chihuahua","Latin",28.7349,-106.113,"erected","1993-12-20"
"Tehuacan, Puebla","Latin",18.4667,-97.4,"erected","1962-01-13"
"Tehuantepec, Oaxaca","Latin",16.3244,-95.2389,"erected","1891-06-23"
"Tenancingo, Mexico","Latin",18.9598,-99.5868,"erected","2009-11-26"
"Teotihuacan, Mexico","Latin",19.6853,-98.8721,"erected","2008-12-03"
"Tepic, Nayarit","Latin",21.5042,-104.895,"erected","1891-06-23"
"Texcoco, Mexico","Latin",19.4194,-99.1333,"erected","1960-04-30"
"Tijuana, Baja California Norte","Latin",32.5149,-117.038,"erected","1963-07-13"
"Tlalnepantla, Mexico","Latin",19.5345,-99.1907,"erected","1964-01-13"
"Tlapa, Guerrero","Latin",17.5461,-98.5764,"erected","1992-01-04"
"Tlaxcala, Tlaxcala","Latin",19.3182,-98.2375,"erected","1959-05-23"
"Toluca, Mexico","Latin",19.3009,-99.6453,"erected","1950-06-04"
"Torreon, Coahuila","Latin",25.5428,-103.407,"erected","1957-06-19"
"Tula, Hidalgo","Latin",20.0523,-99.3444,"erected","1961-02-27"
"Tulancingo, Hidalgo","Latin",20.0844,-98.368,"erected","1863-01-26"
"Tuxpan, Veracruz","Latin",20.9561,-97.4063,"erected","1962-06-09"
"Tuxtepec, Oaxaca","Latin",18.0882,-96.1232,"erected","1979-01-08"
"Tuxtla Gutierrez, Chiapas","Latin",16.7604,-93.1271,"erected","1964-10-27"
"Valle de Chalco, Mexico","Latin",19.4326,-99.1332,"erected","2003-07-08"
"Veracruz, Veracruz","Latin",19.1738,-96.1342,"erected","1962-06-09"
"Yucatan, Yucatan","Latin",20.7099,-89.0943,"erected","1561-11-19"
"Zacatecas, Zacatecas","Latin",22.7709,-102.583,"erected","1863-01-26"
"Zamora, Michoacan","Latin",20,-102.283,"erected","1863-01-26"
"Baltimore, Maryland","Latin",39.2904,-76.6122,"metropolitan","1808-04-08"
"New Orleans, Louisiana","Latin",29.9511,-90.0715,"metropolitan","1850-07-19"
"Boston, Massachusetts","Latin",42.3584,-71.0598,"metropolitan","1875-02-12"
"Louisville, Kentucky","Latin",38.2527,-85.7585,"metropolitan","1937-12-10"
"New York, New York","Latin",40.7144,-74.006,"metropolitan","1850-07-19"
"Philadelphia, Pennsylvania","Latin",39.9523,-75.1638,"metropolitan","1875-02-12"
"Cincinnati, Ohio","Latin",39.1031,-84.512,"metropolitan","1850-07-19"
"St. Louis, Missouri","Latin",38.627,-90.1994,"metropolitan","1847-07-20"
"Mobile, Alabama","Latin",30.6944,-88.0431,"metropolitan","1980-07-29"
"Detroit, Michigan","Latin",42.3314,-83.0458,"metropolitan","1937-05-22"
"Indianapolis, Indiana","Latin",39.7684,-86.1581,"metropolitan","1944-10-21"
"Dubuque, Iowa","Latin",42.5006,-90.6646,"metropolitan","1893-06-15"
"Los Angeles, California","Latin",34.0522,-118.244,"metropolitan","1936-07-11"
"Hartford, Connecticut","Latin",41.7637,-72.6851,"metropolitan","1953-08-06"
"Chicago, Illinois","Latin",41.8781,-87.6298,"metropolitan","1880-09-10"
"Milwaukee, Wisconsin","Latin",43.0389,-87.9065,"metropolitan","1875-02-12"
"Portland, Oregon","Latin",45.5235,-122.676,"metropolitan","1850-07-19"
"Galveston-Houston, Texas","Latin",29.7602,-95.3694,"metropolitan","2004-12-29"
"Seattle, Washington","Latin",47.6062,-122.332,"metropolitan","1951-06-23"
"St. Paul-Minneapolis, Minnesota","Latin",44.9375,-93.201,"metropolitan","1888-05-04"
"Newark, New Jersey","Latin",40.7357,-74.1724,"metropolitan","1917-12-10"
"San Francisco, California","Latin",37.7749,-122.419,"metropolitan","1853-07-29"
"Santa Fe, New Mexico","Latin",35.687,-105.938,"metropolitan","1875-02-12"
"San Antonio, Texas","Latin",29.4241,-98.4936,"metropolitan","1926-08-03"
"Kansas City, Kansas","Latin",39.1141,-94.6275,"metropolitan","1952-08-09"
"Omaha, Nebraska","Latin",41.2524,-95.998,"metropolitan","1945-08-07"
"Denver, Colorado","Latin",39.7376,-104.985,"metropolitan","1941-11-15"
"Oklahoma City, Oklahoma","Latin",35.4676,-97.5164,"metropolitan","1972-12-13"
"Washington, District of Columbia","Latin",38.9072,-77.0365,"metropolitan","1939-07-22"
"Atlanta, Georgia","Latin",33.749,-84.388,"metropolitan","1962-02-21"
"Miami, Florida","Latin",25.789,-80.2264,"metropolitan","1958-05-25"
"Philadelphia, Pennsylvania","Byzantine",39.9523,-75.1638,"metropolitan","1958-07-10"
"Pittsburgh, Pennsylvania","Byzantine",40.4406,-79.9959,"metropolitan","1969-02-21"
"San Juan, Puerto Rico","Latin",18.4663,-66.1057,"metropolitan","1960-04-30"
"Anchorage, Alaska","Latin",61.2181,-149.9,"metropolitan","1966-01-22"
"Edmonton, Alberta","Latin",53.5444,-113.491,"metropolitan","1912-11-30"
"Gatineau, Quebec","Latin",45.4765,-75.7013,"metropolitan","1990-10-31"
"Grouard-McLennan, Alberta","Latin",55.7109,-116.907,"metropolitan","1967-07-13"
"Halifax-Yarmouth, Nova Scotia","Latin",44.0472,-64.7224,"metropolitan","1852-05-04"
"Kingston, Ontario","Latin",44.2312,-76.486,"metropolitan","1889-12-28"
"Moncton, New Brunswick","Latin",46.0878,-64.7782,"metropolitan","1936-02-22"
"Montreal, Quebec","Latin",45.5087,-73.554,"metropolitan","1886-06-08"
"Ottawa, Ontario","Latin",45.4215,-75.6972,"metropolitan","1886-06-08"
"Quebec, Quebec","Latin",46.8033,-71.2428,"metropolitan","1819-01-12"
"Regina, Saskatchewan","Latin",50.4547,-104.607,"metropolitan","1915-12-04"
"Rimouski, Quebec","Latin",48.4333,-68.5167,"metropolitan","1846-02-09"
"Saint John's, Newfoundland","Latin",47.5605,-52.7128,"metropolitan","1904-02-08"
"Sherbrooke, Quebec","Latin",45.401,-71.8824,"metropolitan","1951-03-02"
"Toronto, Ontario","Latin",43.6532,-79.3832,"metropolitan","1870-03-18"
"Vancouver, British Columbia","Latin",49.2612,-123.114,"metropolitan","1908-09-19"
"Victoria, British Columbia","Latin",48.4284,-123.366,"metropolitan","1903-06-19"
"Winnipeg, Manitoba","Latin",49.8998,-97.1375,"metropolitan","1915-12-04"
"Acapulco, Guerrero","Latin",16.8638,-99.8816,"metropolitan","1983-02-10"
"Antequera, Oaxaca","Latin",17.0692,-96.7158,"metropolitan","1891-06-23"
"Chihuahua, Chihuahua","Latin",28.6306,-106.074,"metropolitan","1958-11-22"
"Durango, Durango","Latin",24.0277,-104.653,"metropolitan","1891-06-23"
"Guadalajara, Jalisco","Latin",20.6736,-103.344,"metropolitan","1863-01-26"
"Hermosillo, Sonora","Latin",29.0737,-110.963,"metropolitan","1963-07-13"
"Jalapa, Veracruz","Latin",19.5438,-96.9102,"metropolitan","1951-06-29"
"Leon, Guanajuato","Latin",21.135,-101.661,"metropolitan","2006-11-25"
"Mexico, Federal District","Latin",19.2465,-99.1013,"metropolitan","1546-02-12"
"Monterrey, Nuevo Leon","Latin",25.6732,-100.309,"metropolitan","1891-06-23"
"Morelia, Michoacan","Latin",19.706,-101.195,"metropolitan","1863-01-26"
"Puebla de los Angeles, Puebla","Latin",19.0413,-98.2062,"metropolitan","1903-08-11"
"San Luis Potosi, San Luis Potosi","Latin",22.1565,-100.986,"metropolitan","1988-11-05"
"Tijuana, Baja California Norte","Latin",32.5149,-117.038,"metropolitan","2006-11-25"
"Tlalnepantla, Mexico","Latin",19.5345,-99.1907,"metropolitan","1989-06-17"
"Tulancingo, Hidalgo","Latin",20.0844,-98.368,"metropolitan","2006-11-25"
"Tuxtla Gutierrez, Chiapas","Latin",16.7604,-93.1271,"metropolitan","2006-11-25"
"Yucatan, Yucatan","Latin",20.7099,-89.0943,"metropolitan","1906-11-11"
